Cristian piango;gabri_ela@gmail.com;123456789;Femenino;11;jun.;1983
Cristian lique;s_lvatore@gmail.com;123456789;No binario;17;ago.;1988
Carmen melendez;jsedd56_i@gmail.com;123456789;Prefiero no contestar;18;oct.;1990
Francheska Yorio;Ido_la@mail.com;123456789;Masculino;22;feb.;1970
Adnres acosta;yanir45_a@gmail.com;123456789;Femenino;26;jul.;1954
Enrique capriles;enri//gque@gmail.com;123456789;No binario;24;abr.;2001
Bob abreu;carl_os3@gmail.com;123456789;Prefiero no contestar;22;ene.;1995
Miguel cabrera;sss_ul44@gmail.com;123456789;Masculino;11;dic.;1980
Mario sambrano;vict444oria@gmail.com;123456789;Femenino;13;mar.;1951
Carlos Enrique;ravessddru2341@gmail.com;123456789;No binario;15;may.;1944
Keiler Sosa;ricaraasddo_prz@gmail.com;123456789;Prefiero no contestar;16;nov.;1965
Margare porfido;salvaqwddor@gmail.com;123456789;Masculino;8;sep.;1973
Pedro perex;joseqwqesosag@gmail.com;123456789;Femenino;28;jun.;1983
Carmen sousa;camasddereps@gmail.com;123456789;No binario;19;ago.;1988
Oswaldo arcia;isassais@gmail.com;123456789;Prefiero no contestar;13;oct.;1990
Rubenm blades;kesdffmdd@gmail.com;123456789;Masculino;16;dic.;1970
andres goitia;andrees@mail12.com;123456789;Masculino;8;sep.;1973
carlos menecio;carlosmene22@mail.com;123456789;Femenino;28;jun.;1983
marcos perez;marcosp22@mail.com;123456789;No binario;19;ago.;1988
iraly sosa;iralu33@mail.com;123456789;Prefiero no contestar;13;oct.;1990
darios riovas;dariosrivas@mail.com;123456789;Masculino;8;sep.;1973
Mario sosa;mario_sosa@mail.com;123456789;Femenino;28;jun.;1983
steven martinez;steven@mail.com;123456789;No binario;19;ago.;1988
user 001;user@mail.com01;123456789;Prefiero no contestar;13;oct.;1990
user 002;user@mail.com02;123456789;Masculino;8;sep.;1973
user 003;user@mail.com03;123456789;Femenino;28;jun.;1983
user 004;user@mail.com04;123456789;No binario;19;ago.;1988
user 005;user@mail.com05;123456789;Prefiero no contestar;13;oct.;1990
user 006;user@mail.com06;123456789;Masculino;8;sep.;1973
user 007;user@mail.com07;123456789;Femenino;28;jun.;1983
user 008;user@mail.com08;123456789;No binario;19;ago.;1988
user 009;user@mail.com09;123456789;Prefiero no contestar;13;oct.;1990
user 010;user@mail.com10;123456789;Masculino;8;sep.;1973
user 011;user@mail.com11;123456789;Femenino;28;jun.;1983
user 012;user@mail.com12;123456789;No binario;19;ago.;1988
user 013;user@mail.com13;123456789;Prefiero no contestar;13;oct.;1990
user 014;user@mail.com14;123456789;Masculino;8;sep.;1973
user 015;user@mail.com15;123456789;Femenino;28;jun.;1983
user 016;user@mail.com16;123456789;No binario;19;ago.;1988
user 017;user@mail.com17;123456789;Prefiero no contestar;13;oct.;1990
user 018;user@mail.com18;123456789;Masculino;8;sep.;1973
user 019;user@mail.com19;123456789;Femenino;28;jun.;1983
user 020;user@mail.com20;123456789;No binario;19;ago.;1988
user 021;user@mail.com21;123456789;Prefiero no contestar;13;oct.;1990
user 022;user@mail.com22;123456789;Masculino;8;sep.;1973
user 023;user@mail.com23;123456789;Femenino;28;jun.;1983
user 024;user@mail.com24;123456789;No binario;19;ago.;1988
user 025;user@mail.com25;123456789;Prefiero no contestar;13;oct.;1990
user 026;user@mail.com26;123456789;Masculino;8;sep.;1973
user 027;user@mail.com27;123456789;Femenino;28;jun.;1983
user 028;user@mail.com28;123456789;No binario;19;ago.;1988
user 029;user@mail.com29;123456789;Prefiero no contestar;13;oct.;1990
user 030;user@mail.com30;123456789;Masculino;8;sep.;1973
user 031;user@mail.com31;123456789;Femenino;28;jun.;1983
user 032;user@mail.com32;123456789;No binario;19;ago.;1988
user 033;user@mail.com33;123456789;Prefiero no contestar;13;oct.;1990
